{
  "1": {
    "ea_accuracy": 0.3542105263157895,
    "ea_fitness": -0.034016665853559974,
    "ea_time": 178.25436782836914,
    "bptt_accuracy": 0.7899999999999998,
    "bptt_fitness": -0.004337733518332243,
    "bptt_time": 4.048163890838623
  },
  "2": {
    "ea_accuracy": 0.3683333333333334,
    "ea_fitness": -0.030161527432501316,
    "ea_time": 149.37855315208435,
    "bptt_accuracy": 0.79,
    "bptt_fitness": -0.004370045708492398,
    "bptt_time": 2.9431469440460205
  },
  "3": {
    "ea_accuracy": 0.35,
    "ea_fitness": -0.045593746565282346,
    "ea_time": 149.936949968338,
    "bptt_accuracy": 0.8123529411764706,
    "bptt_fitness": -0.0041732718772254885,
    "bptt_time": 3.7319729328155518
  },
  "4": {
    "ea_accuracy": 0.281875,
    "ea_fitness": -0.055102244690060614,
    "ea_time": 146.35207772254944,
    "bptt_accuracy": 0.814375,
    "bptt_fitness": -0.004169733334565535,
    "bptt_time": 3.0393590927124023
  }
}